address_id,customer_id,address1,address2,state,zip_code,country
1,1,063 Jay Way,,Missouri,64504,United States
2,2,3 Hoffman Way,,New York,10175,United States
3,3,9451 Crowley Way,,Texas,77212,United States
4,4,5366 Graedel Court,,Illinois,62756,United States
5,5,39 Norway Maple Hill,,Florida,32610,United States
6,6,04 Gina Alley,,Florida,33615,United States
7,7,08 Golf View Place,,Florida,32595,United States
8,8,854 Claremont Point,,District of Columbia,20205,United States
9,9,0 Pleasure Park,5th Floor,Virginia,22908,United States
10,10,63690 Surrey Lane,,California,94712,United States
11,11,036 Browning Plaza,PO Box 94027,Virginia,23237,United States
12,12,895 Eagle Crest Road,,Ohio,43220,United States
13,13,6377 Melvin Avenue,,New York,12210,United States
14,14,28665 Buhler Center,,Alabama,36114,United States
15,15,76635 Oxford Way,,Connecticut,6606,United States
16,16,98385 International Crossing,,Tennessee,38168,United States
17,17,0 Mayfield Road,,New York,10249,United States
18,18,49 Oak Valley Street,,New York,13217,United States
19,19,0 Pankratz Alley,11th Floor,North Carolina,27110,United States
20,20,17 Hanson Drive,,North Carolina,27105,United States
21,21,5 Green Ridge Drive,,Michigan,48267,United States
22,22,7679 Huxley Street,,Texas,75710,United States
23,23,23 Delladonna Court,PO Box 698,Michigan,48295,United States
24,24,35 Dunning Junction,,Florida,33620,United States
25,25,7616 Prentice Way,,New York,12242,United States
26,26,0896 Hovde Center,,Michigan,49544,United States
27,27,07 2nd Park,,Texas,77045,United States
28,28,48201 Monterey Hill,,California,92805,United States
29,29,72861 Sauthoff Court,Suite 46,Utah,84125,United States
30,30,76 Crest Line Parkway,Apt 1493,Colorado,80930,United States
31,31,16378 Brown Hill,Apt 1054,Florida,33196,United States
32,32,54 Brentwood Point,Suite 48,Pennsylvania,19109,United States
33,33,99 Lawn Court,,New York,12247,United States
34,34,3 Dovetail Lane,,Texas,78759,United States
35,35,89 Schlimgen Lane,,New Mexico,87201,United States
36,36,284 Washington Park,,Wisconsin,54305,United States
37,37,9478 Ryan Hill,,Colorado,80279,United States
38,38,4 Loomis Hill,Apt 521,Wisconsin,53220,United States
39,39,268 Kedzie Junction,Apt 1777,Oklahoma,74103,United States
40,40,62375 Rusk Circle,,New Jersey,8603,United States
41,41,9 Pawling Court,Room 75,Illinois,60691,United States
42,42,5696 Dakota Circle,,Maryland,20784,United States
43,43,49 Johnson Avenue,,Arizona,85045,United States
44,44,4790 Vidon Circle,,Maryland,21282,United States
45,45,3398 Ilene Court,Apt 1162,Florida,33647,United States
46,46,44 Debs Hill,6th Floor,Alabama,36119,United States
47,47,1052 Northview Drive,,Virginia,24503,United States
48,48,0 Victoria Avenue,Room 1122,Illinois,60078,United States
49,49,4 Butternut Parkway,,Arkansas,72231,United States
50,50,6671 John Wall Trail,Apt 895,District of Columbia,20022,United States
51,51,13 Redwing Court,,California,90087,United States
52,52,63774 Gateway Pass,,Wisconsin,53710,United States
53,53,0404 Jay Terrace,Suite 73,Florida,32590,United States
54,54,0026 Esker Center,,Idaho,83405,United States
55,55,60 Weeping Birch Park,,District of Columbia,20442,United States
56,56,0 Orin Pass,,Illinois,60435,United States
57,57,59 Shasta Junction,,Indiana,46278,United States
58,58,08560 Anniversary Trail,,Rhode Island,2905,United States
59,59,460 Independence Park,Suite 52,Texas,76004,United States
60,60,0 Sugar Pass,,North Dakota,58106,United States
61,61,2554 Briar Crest Place,,California,92640,United States
62,62,082 Mandrake Pass,,North Carolina,28805,United States
63,63,76289 Reindahl Hill,,Massachusetts,2405,United States
64,64,3 Holmberg Avenue,Suite 88,Kentucky,40220,United States
65,65,87964 Westerfield Center,,North Carolina,27455,United States
66,66,49307 Elgar Court,,Maryland,21282,United States
67,67,05251 Rowland Drive,,Maryland,20892,United States
68,68,4 Milwaukee Pass,Suite 90,Virginia,22908,United States
69,69,48718 Pond Court,PO Box 85367,Connecticut,6721,United States
70,70,289 Westend Trail,,Florida,33111,United States
71,71,7629 Stephen Center,,California,92056,United States
72,72,019 Arrowood Parkway,,Kansas,67215,United States
73,73,77 Summer Ridge Court,,Delaware,19725,United States
74,74,3 Katie Avenue,,Nevada,89036,United States
75,75,348 Lien Crossing,,Pennsylvania,15235,United States
76,76,2263 Pennsylvania Terrace,,Texas,78285,United States
77,77,2 Sheridan Point,,Kansas,66629,United States
78,78,1 Clemons Place,6th Floor,South Carolina,29625,United States
79,79,81 Westport Lane,,Iowa,52804,United States
80,80,9640 Hayes Parkway,,Pennsylvania,19184,United States
81,81,56919 Vahlen Street,,Arizona,85246,United States
82,82,1 Fairview Way,Room 1734,Florida,33416,United States
83,83,29110 American Ash Street,,North Carolina,28055,United States
84,84,0 Lakewood Trail,Room 686,Oregon,97201,United States
85,85,622 Merchant Hill,,California,92165,United States
86,86,26094 Cordelia Center,Room 1361,Oklahoma,73071,United States
87,87,55 Annamark Circle,,Louisiana,70894,United States
88,88,4417 Quincy Road,,Arizona,85099,United States
89,89,292 Ilene Alley,,Georgia,30089,United States
90,90,0 Leroy Center,Room 839,California,93762,United States
91,91,07003 Talmadge Terrace,,Massachusetts,1605,United States
92,92,5192 Thierer Avenue,,Nevada,89140,United States
93,93,51 Sutherland Plaza,9th Floor,Georgia,31119,United States
94,94,9671 Lindbergh Hill,,Georgia,30506,United States
95,95,4 Lukken Park,Suite 63,Tennessee,38150,United States
96,96,87 Aberg Place,,Louisiana,70183,United States
97,97,63 Lien Hill,,New York,11447,United States
98,98,7 Burrows Alley,,California,92640,United States
99,99,58113 Clove Trail,,California,90094,United States
100,100,465 Hallows Terrace,,California,91109,United States
101,101,34 Rowland Trail,Suite 4,Colorado,80915,United States
102,102,4494 Declaration Terrace,Apt 1946,Texas,75323,United States
103,103,9659 Saint Paul Drive,,Virginia,23324,United States
104,104,729 Red Cloud Alley,17th Floor,Florida,34290,United States
105,105,3572 Ruskin Road,2nd Floor,California,94121,United States
106,106,63292 Red Cloud Lane,,Arizona,85010,United States
107,107,79381 Fuller Drive,Room 1297,Georgia,30605,United States
108,108,2171 Corry Crossing,3rd Floor,Alabama,36689,United States
109,109,4929 Emmet Pass,,Mississippi,39705,United States
110,110,9424 Jana Parkway,,Louisiana,70805,United States
111,111,71733 Superior Junction,,Virginia,24020,United States
112,112,21 Summit Crossing,PO Box 96389,California,90305,United States
113,113,1849 South Road,Room 748,Pennsylvania,15266,United States
114,114,91380 Westerfield Lane,Room 1853,Alabama,36177,United States
115,115,202 Kings Pass,,Minnesota,55905,United States
116,116,69982 Barby Street,,North Carolina,28230,United States
117,117,18937 Ilene Terrace,Room 1614,Alabama,35205,United States
118,118,140 Pawling Crossing,Room 865,Texas,78715,United States
119,119,744 Pankratz Parkway,,New York,11247,United States
120,120,9523 Lien Way,,Florida,33661,United States
121,121,07 Dixon Road,,Virginia,23668,United States
122,122,91 Springview Center,,New York,10150,United States
123,123,58252 Fairfield Center,,Louisiana,70149,United States
124,124,8127 Elgar Street,,New Mexico,87105,United States
125,125,62 Moland Avenue,Apt 1322,West Virginia,25716,United States
126,126,7 Cascade Junction,,Connecticut,6816,United States
127,127,4 Cambridge Terrace,,Florida,33405,United States
128,128,46 Harper Avenue,,Nebraska,68105,United States
129,129,76952 Haas Street,,Indiana,46406,United States
130,130,27470 Roxbury Crossing,,New York,10249,United States
131,131,7 6th Road,PO Box 43154,Colorado,80525,United States
132,132,0 Hoffman Hill,,California,94237,United States
133,133,792 Fisk Alley,,Georgia,30343,United States
134,134,092 Lunder Crossing,11th Floor,California,92132,United States
135,135,73608 Independence Hill,PO Box 55174,Connecticut,6905,United States
136,136,1848 Towne Place,PO Box 29025,Missouri,63116,United States
137,137,4 Goodland Terrace,,District of Columbia,20442,United States
138,138,81047 Hanson Trail,,New York,12255,United States
139,139,4 Ramsey Pass,,Virginia,23668,United States
140,140,127 Dixon Plaza,,Indiana,46867,United States
141,141,269 Fulton Pass,,Texas,79176,United States
142,142,53237 Carpenter Way,,Arkansas,72215,United States
143,143,7450 Cambridge Drive,4th Floor,Washington,98148,United States
144,144,2472 Moland Junction,Apt 444,New York,14683,United States
145,145,3 Melvin Alley,,Maryland,20883,United States
146,146,714 Autumn Leaf Terrace,,Florida,33153,United States
147,147,952 Crescent Oaks Drive,,Texas,75605,United States
148,148,2 Arrowood Circle,6th Floor,Texas,76147,United States
149,149,6238 Westridge Circle,,Florida,34210,United States
150,150,6711 Manley Court,,Tennessee,37931,United States
151,151,0244 Talisman Drive,PO Box 71023,Arizona,85062,United States
152,152,4990 Loeprich Point,,New York,10110,United States
153,153,16 Ridgeway Junction,,North Carolina,28805,United States
154,154,34 Vera Road,20th Floor,Florida,32255,United States
155,155,71 Parkside Junction,,Florida,33164,United States
156,156,133 Maple Wood Center,,California,90305,United States
157,157,33 Fieldstone Terrace,,New York,10029,United States
158,158,698 Loomis Point,,Virginia,23237,United States
159,159,1 Garrison Road,,Kansas,66622,United States
160,160,5 Division Plaza,Room 1834,Maryland,21229,United States
161,161,84 Macpherson Alley,14th Floor,Missouri,63104,United States
162,162,81413 Larry Court,,Texas,77305,United States
163,163,59 Birchwood Court,PO Box 38479,California,95354,United States
164,164,2 Tony Plaza,,Illinois,60652,United States
165,165,4 Green Avenue,,District of Columbia,20005,United States
166,166,4646 Summer Ridge Street,,Texas,88541,United States
167,167,313 Duke Court,4th Floor,Missouri,63110,United States
168,168,677 Larry Drive,,Virginia,23459,United States
169,169,6 Talmadge Terrace,12th Floor,Florida,32204,United States
170,170,02574 Anzinger Road,,New York,14276,United States
171,171,06 Russell Point,,Ohio,44905,United States
172,172,8379 Melody Hill,,Texas,76115,United States
173,173,17 Division Plaza,,Montana,59112,United States
174,174,7 Melby Terrace,,Georgia,31119,United States
175,175,04 Hintze Court,,California,92645,United States
176,176,78 Banding Hill,,California,92127,United States
177,177,59814 Truax Hill,,Texas,77095,United States
178,178,75 Old Gate Lane,PO Box 4546,Iowa,51110,United States
179,179,6 Dahle Point,,West Virginia,25716,United States
180,180,02510 Dixon Junction,,Texas,88563,United States
181,181,0 Hagan Drive,Room 1887,Georgia,30336,United States
182,182,87433 Dapin Lane,Suite 12,Texas,77305,United States
183,183,6741 Columbus Pass,Suite 99,Colorado,81505,United States
184,184,01 Center Parkway,9th Floor,Arizona,85040,United States
185,185,443 Dorton Parkway,,Iowa,50347,United States
186,186,5573 Erie Lane,,Colorado,80920,United States
187,187,48 Corscot Trail,Suite 80,Ohio,44315,United States
188,188,4463 Sullivan Place,,District of Columbia,20337,United States
189,189,8 Bay Crossing,,Montana,59623,United States
190,190,231 Jay Road,,Iowa,52245,United States
191,191,5796 Miller Alley,,District of Columbia,20005,United States
192,192,0573 Warrior Street,PO Box 28665,Colorado,80161,United States
193,193,64087 Swallow Alley,Apt 1265,Arizona,85720,United States
194,194,04109 Kedzie Avenue,Suite 8,District of Columbia,20215,United States
195,195,28 Sage Pass,,Oregon,97240,United States
196,196,352 Anzinger Terrace,,South Carolina,29319,United States
197,197,8 Prentice Parkway,,Illinois,61651,United States
198,198,7 Village Green Terrace,Suite 20,Pennsylvania,19058,United States
199,199,75 Sutteridge Road,,District of Columbia,20337,United States
200,200,97400 Mandrake Trail,Room 1638,New York,11431,United States
201,201,6 Sullivan Way,,Colorado,80638,United States
202,202,90 Harbort Place,16th Floor,Pennsylvania,15250,United States
203,203,16 Moland Point,,Illinois,60435,United States
204,204,8 Namekagon Place,,South Carolina,29615,United States
205,205,5338 Reindahl Crossing,,Ohio,45505,United States
206,206,1802 Heath Terrace,,California,93704,United States
207,207,648 Walton Terrace,,Texas,78220,United States
208,208,9673 Towne Circle,,California,90305,United States
209,209,09 Thierer Road,,Kansas,66622,United States
210,210,998 Dayton Point,Apt 693,North Carolina,28215,United States
211,211,223 Acker Park,,Colorado,80310,United States
212,212,4 Cherokee Center,,North Carolina,27157,United States
213,213,2931 Glendale Parkway,,Idaho,83716,United States
214,214,4 Ohio Avenue,,Ohio,44505,United States
215,215,725 Oneill Street,Room 383,Texas,75379,United States
216,216,0435 Linden Court,,Texas,77705,United States
217,217,6 Jackson Parkway,,Texas,78245,United States
218,218,8361 Sage Parkway,,New York,10034,United States
219,219,4345 Fallview Terrace,Room 1355,Texas,75049,United States
220,220,92918 Farwell Place,,Ohio,44760,United States
221,221,1282 Brickson Park Pass,,New York,11355,United States
222,222,63882 Dunning Park,Suite 16,Kentucky,40215,United States
223,223,7621 Pankratz Pass,,Virginia,22244,United States
224,224,9 Aberg Hill,18th Floor,Florida,33661,United States
225,225,12997 Saint Paul Avenue,Apt 514,Massachusetts,2208,United States
226,226,16020 Beilfuss Trail,,Florida,32969,United States
227,227,0 Texas Center,,North Carolina,27690,United States
228,228,78963 Huxley Court,PO Box 31839,Hawaii,96820,United States
229,229,036 Cardinal Court,Apt 1720,Texas,78710,United States
230,230,522 Esch Trail,,California,92424,United States
231,231,8625 Stone Corner Drive,,Connecticut,6140,United States
232,232,06708 Texas Crossing,,Minnesota,55428,United States
233,233,46 Magdeline Road,10th Floor,Maryland,20784,United States
234,234,35866 Clemons Terrace,Room 831,Michigan,48258,United States
235,235,411 Sherman Pass,,Ohio,43666,United States
236,236,24 Loftsgordon Way,,Ohio,45403,United States
237,237,97 Butternut Parkway,PO Box 16113,Texas,78789,United States
238,238,878 Duke Junction,,Indiana,46207,United States
239,239,8 Lawn Way,,New Mexico,88006,United States
240,240,88571 Hazelcrest Lane,,Arizona,85743,United States
241,241,150 Briar Crest Point,Apt 670,Virginia,22036,United States
242,242,63 Pond Road,Room 791,Pennsylvania,18018,United States
243,243,7268 Green Ridge Point,,Mississippi,39705,United States
244,244,1867 Westerfield Park,,Alabama,35487,United States
245,245,15 Glacier Hill Plaza,,Connecticut,6127,United States
246,246,984 Graedel Parkway,,North Carolina,28805,United States
247,247,2031 Montana Lane,,Kansas,66286,United States
248,248,0 Chive Hill,,Texas,79699,United States
249,249,381 Heffernan Lane,,New York,11470,United States
250,250,26451 Dorton Way,,Delaware,19897,United States
251,251,8 Dennis Avenue,,Virginia,24515,United States
252,252,3393 Summer Ridge Plaza,PO Box 58326,Georgia,30306,United States
253,253,21142 Sullivan Place,Room 1224,Texas,78726,United States
254,254,0 Luster Way,Room 526,Texas,79989,United States
255,255,3 Hansons Avenue,,Missouri,65805,United States
256,256,41 Carpenter Place,Apt 1284,Florida,33467,United States
257,257,73923 Buena Vista Parkway,PO Box 28849,Massachusetts,1813,United States
258,258,538 Mandrake Point,,Washington,99205,United States
259,259,8566 American Center,,Nevada,89140,United States
260,260,82634 Holy Cross Park,Room 1301,Texas,75251,United States
261,261,48148 Pearson Point,,Texas,76310,United States
262,262,9221 High Crossing Junction,,Kentucky,40266,United States
263,263,941 Beilfuss Way,,Texas,75287,United States
264,264,7702 Park Meadow Court,,California,92513,United States
265,265,38436 Dapin Hill,,California,95205,United States
266,266,8632 Dennis Alley,,Pennsylvania,15225,United States
267,267,8415 Glacier Hill Crossing,,Utah,84110,United States
268,268,78700 Walton Court,,Ohio,45807,United States
269,269,10 Green Ridge Hill,,Indiana,46699,United States
270,270,805 1st Junction,Apt 841,Texas,78737,United States
271,271,818 Memorial Court,,Arkansas,72199,United States
272,272,6728 Hagan Drive,,Ohio,44393,United States
273,273,027 Di Loreto Center,9th Floor,Arizona,86305,United States
274,274,204 Portage Place,,Missouri,64187,United States
275,275,41 Vermont Center,,Minnesota,55590,United States
276,276,1110 Raven Circle,Apt 1827,Minnesota,55590,United States
277,277,56 Morning Street,Apt 82,Arkansas,72204,United States
278,278,5008 Moulton Terrace,,Virginia,22205,United States
279,279,8 Butternut Terrace,,Texas,88535,United States
280,280,8544 Petterle Trail,,Pennsylvania,19136,United States
281,281,091 Blaine Alley,,California,95205,United States
282,282,525 Dorton Lane,,California,95173,United States
283,283,87 Homewood Place,,Mississippi,39305,United States
284,284,207 Delaware Crossing,,Missouri,63131,United States
285,285,5 Pine View Junction,,Illinois,61614,United States
286,286,0 Rieder Park,,Virginia,22036,United States
287,287,8003 Cardinal Court,,California,94807,United States
288,288,570 Maryland Court,Apt 179,South Dakota,57198,United States
289,289,9434 Banding Hill,,New York,10155,United States
290,290,5 Ridgeview Hill,PO Box 78685,Minnesota,55417,United States
291,291,2 Sycamore Alley,Suite 74,Tennessee,37665,United States
292,292,7 Atwood Center,,Georgia,30605,United States
293,293,653 Toban Pass,,North Carolina,27635,United States
294,294,8 Larry Alley,,Connecticut,6127,United States
295,295,98549 Stoughton Lane,,Massachusetts,2119,United States
296,296,46 7th Place,Suite 99,Wisconsin,53726,United States
297,297,97402 Blackbird Center,,New York,10024,United States
298,298,571 Anthes Street,,Texas,76544,United States
299,299,08074 Novick Lane,,New York,10469,United States
300,300,874 Old Shore Pass,,North Dakota,58207,United States
301,301,33469 Heffernan Way,,Massachusetts,2453,United States
302,302,508 Coleman Drive,Suite 45,Louisiana,71307,United States
303,303,7159 Bluestem Park,Suite 97,Massachusetts,1605,United States
304,304,182 Memorial Court,,District of Columbia,20226,United States
305,305,5135 Walton Road,Suite 51,California,95150,United States
306,306,3 Hanson Alley,,California,93721,United States
307,307,40 Mitchell Place,,Colorado,80150,United States
308,308,0 Oak Junction,,Virginia,22184,United States
309,309,4 Autumn Leaf Circle,,Nevada,89150,United States
310,310,00404 Ridgeway Place,,Iowa,50936,United States
311,311,44 Thierer Alley,,California,94245,United States
312,312,77505 Upham Trail,,Minnesota,55417,United States
313,313,39 Schurz Place,Suite 29,Florida,33233,United States
314,314,979 Reinke Pass,,Indiana,46015,United States
315,315,2 Calypso Way,,Washington,98907,United States
316,316,2886 Ridgeway Pass,,Oklahoma,74133,United States
317,317,39 Dixon Street,1st Floor,Kansas,66617,United States
318,318,17 7th Crossing,,Florida,33954,United States
319,319,23273 John Wall Park,,West Virginia,25770,United States
320,320,2 John Wall Center,,Georgia,30066,United States
321,321,4 Hovde Alley,Apt 272,Pennsylvania,19495,United States
322,322,4 Merchant Street,Apt 681,Florida,33436,United States
323,323,273 Boyd Lane,Suite 80,New York,12222,United States
324,324,43124 Mendota Parkway,Room 1735,Illinois,60614,United States
325,325,4949 Fieldstone Point,,Texas,77281,United States
326,326,303 Talisman Plaza,,Illinois,61105,United States
327,327,6 Lawn Court,,North Carolina,28299,United States
328,328,603 Dexter Center,Apt 1916,Connecticut,6673,United States
329,329,2986 Cody Terrace,,California,95133,United States
330,330,2080 Talmadge Avenue,,Georgia,31410,United States
331,331,2 Judy Place,,Massachusetts,2142,United States
332,332,4 Melvin Point,6th Floor,West Virginia,25775,United States
333,333,8963 Lillian Center,PO Box 95698,Arizona,85246,United States
334,334,8612 Lerdahl Alley,,Colorado,80223,United States
335,335,4 Grayhawk Road,,California,92825,United States
336,336,7330 Cherokee Hill,,New York,12210,United States
337,337,9 Maywood Drive,Room 1740,Michigan,48232,United States
338,338,11395 Fair Oaks Plaza,,Oklahoma,74149,United States
339,339,51914 Hoard Drive,Suite 8,Ohio,43204,United States
340,340,9 Gale Lane,,South Carolina,29579,United States
341,341,742 Mockingbird Pass,,Georgia,30061,United States
342,342,1241 Moulton Avenue,,Georgia,31405,United States
343,343,5782 Warbler Street,,New York,13210,United States
344,344,7 Main Drive,,Pennsylvania,19146,United States
345,345,39 Michigan Hill,,Pennsylvania,18706,United States
346,346,44617 Ryan Junction,,District of Columbia,20397,United States
347,347,383 Old Shore Road,,North Carolina,28284,United States
348,348,9356 Prairie Rose Pass,,California,92145,United States
349,349,97 Lotheville Hill,Apt 275,Florida,34114,United States
350,350,387 Lukken Center,Room 1336,Virginia,23705,United States
351,351,4 Declaration Hill,,Tennessee,38181,United States
352,352,9023 Pennsylvania Alley,,Missouri,64136,United States
353,353,06578 Meadow Ridge Point,,Connecticut,6160,United States
354,354,30 Weeping Birch Plaza,PO Box 75598,Oregon,97271,United States
355,355,8313 Buena Vista Plaza,Suite 97,South Carolina,29905,United States
356,356,863 Colorado Court,,Florida,33018,United States
357,357,2 Stoughton Terrace,,Connecticut,6505,United States
358,358,402 Acker Way,,Texas,75353,United States
359,359,0 Carberry Lane,Room 81,Texas,77260,United States
360,360,6399 Superior Pass,,Maryland,20918,United States
361,361,51236 Northport Place,,Texas,77212,United States
362,362,893 Sheridan Hill,Suite 39,Florida,33467,United States
363,363,6675 Macpherson Alley,Apt 1853,Missouri,64153,United States
364,364,3860 Warrior Pass,,Georgia,31410,United States
365,365,13405 Nova Point,,California,95113,United States
366,366,07 Spenser Drive,,Florida,32215,United States
367,367,563 Loomis Parkway,Room 113,Maryland,20904,United States
368,368,29401 Cambridge Lane,Suite 92,Nevada,89505,United States
369,369,29759 Fisk Parkway,,Montana,59771,United States
370,370,939 Sunbrook Street,,Louisiana,70616,United States
371,371,632 New Castle Hill,,Oklahoma,73167,United States
372,372,16150 Autumn Leaf Hill,,Wisconsin,53785,United States
373,373,427 Pine View Hill,,Alabama,35295,United States
374,374,24 Thompson Trail,,Indiana,47134,United States
375,375,42 Tennyson Circle,,Oklahoma,74170,United States
376,376,96 Prairieview Drive,4th Floor,Washington,99252,United States
377,377,5 Burning Wood Junction,,Texas,79159,United States
378,378,69 Stang Circle,,New York,10024,United States
379,379,90 Muir Crossing,,Alabama,35295,United States
380,380,28038 Summit Hill,,Michigan,48912,United States
381,381,1651 Sherman Court,,Tennessee,37405,United States
382,382,2 Carey Trail,Room 1670,California,92505,United States
383,383,04 Logan Street,14th Floor,Oklahoma,73157,United States
384,384,16724 Ramsey Place,,Arizona,85210,United States
385,385,45805 Mockingbird Junction,,California,92137,United States
386,386,590 Hoffman Parkway,,Florida,34605,United States
387,387,59475 Moose Place,,Florida,33315,United States
388,388,6766 Esch Point,PO Box 37472,Massachusetts,2124,United States
389,389,93 Esker Road,Room 399,Arizona,85062,United States
390,390,42878 Saint Paul Crossing,Apt 592,Virginia,22093,United States
391,391,6299 Northfield Avenue,Suite 6,Indiana,46825,United States
392,392,83 Vernon Street,Apt 553,California,91103,United States
393,393,8 Memorial Alley,1st Floor,Connecticut,6183,United States
394,394,31 Cherokee Hill,,West Virginia,25305,United States
395,395,230 Mesta Park,Room 655,Florida,33499,United States
396,396,5 Sutteridge Point,Apt 229,Ohio,43610,United States
397,397,617 Carberry Alley,2nd Floor,New York,10170,United States
398,398,44 West Court,,Texas,75358,United States
399,399,9838 Vahlen Junction,,Ohio,45238,United States
400,400,5931 Vera Hill,PO Box 57093,Michigan,48295,United States
401,401,29 Farmco Circle,Room 1650,Colorado,80255,United States
402,402,2731 Kropf Drive,,Ohio,44710,United States
403,403,6219 Badeau Terrace,,Texas,76210,United States
404,404,8880 Holy Cross Crossing,,Virginia,22111,United States
405,405,785 Farmco Center,,Ohio,43284,United States
406,406,56679 Hoffman Alley,,Illinois,62205,United States
407,407,0 Reinke Alley,,Texas,76105,United States
408,408,7 Tomscot Point,Suite 42,Georgia,30911,United States
409,409,69 Debs Drive,,Nevada,89160,United States
410,410,3 School Pass,,Ohio,44315,United States
411,411,3 Welch Park,,Illinois,61640,United States
412,412,58 Springview Avenue,,Ohio,44720,United States
413,413,30114 Anderson Lane,,Texas,78703,United States
414,414,869 Crescent Oaks Court,Suite 71,Nebraska,68517,United States
415,415,9430 Larry Hill,Suite 26,Georgia,31196,United States
416,416,6301 Oriole Place,,District of Columbia,20041,United States
417,417,06 Cordelia Circle,,Georgia,31422,United States
418,418,41640 Rigney Center,,Texas,78044,United States
419,419,377 Quincy Drive,,Virginia,23509,United States
420,420,121 Sunnyside Plaza,,Louisiana,71208,United States
421,421,111 Dayton Court,,Connecticut,6160,United States
422,422,70517 Spenser Avenue,,Georgia,30311,United States
423,423,52930 Roth Court,,California,94263,United States
424,424,4166 Bashford Terrace,,Florida,32412,United States
425,425,3385 Dawn Place,,Georgia,31106,United States
426,426,19 Miller Lane,PO Box 37943,Florida,33620,United States
427,427,5 Onsgard Pass,,New Hampshire,3105,United States
428,428,7 Stephen Parkway,Suite 18,Florida,34290,United States
429,429,4 Hoepker Crossing,17th Floor,Florida,32891,United States
430,430,4944 Westend Terrace,,Wisconsin,53215,United States
431,431,10562 Daystar Road,,Iowa,52410,United States
432,432,26311 4th Circle,,California,92153,United States
433,433,8 4th Trail,PO Box 21981,Texas,76178,United States
434,434,98687 Shelley Place,Suite 2,California,95118,United States
435,435,1761 Arrowood Parkway,,Nebraska,68134,United States
436,436,16 Londonderry Street,,Florida,32575,United States
437,437,05592 Kensington Way,,Wisconsin,53705,United States
438,438,801 Messerschmidt Place,Room 278,Kentucky,40515,United States
439,439,334 Stoughton Trail,PO Box 74660,Minnesota,55172,United States
440,440,88 Havey Parkway,,New York,10029,United States
441,441,4 Ridgeway Alley,,Oklahoma,73109,United States
442,442,43 Independence Park,,New Jersey,7104,United States
443,443,73 Old Gate Court,,Alaska,99517,United States
444,444,38 Judy Trail,,Florida,33245,United States
445,445,5 Dunning Park,Suite 28,Texas,88558,United States
446,446,29 Annamark Crossing,Suite 97,New York,12247,United States
447,447,06134 Pierstorff Point,,Iowa,52405,United States
448,448,80 Loftsgordon Center,,Massachusetts,2745,United States
449,449,6528 Ilene Point,PO Box 63956,Texas,88589,United States
450,450,498 Marquette Way,,Michigan,48550,United States
451,451,850 Petterle Way,,Georgia,30096,United States
452,452,770 Walton Way,,Ohio,44760,United States
453,453,28 Chive Lane,,New Jersey,8922,United States
454,454,791 Magdeline Way,,Missouri,64125,United States
455,455,9930 Gerald Place,,Oklahoma,73034,United States
456,456,8410 Stone Corner Trail,,Arizona,85271,United States
457,457,47 Judy Point,Suite 36,Illinois,60609,United States
458,458,83 Bellgrove Lane,,South Dakota,57193,United States
459,459,7979 Cordelia Alley,,Washington,98405,United States
460,460,75764 Carberry Circle,,North Dakota,58106,United States
461,461,73221 Grayhawk Pass,Suite 66,Massachusetts,2119,United States
462,462,002 Jackson Plaza,,Ohio,44710,United States
463,463,89 Portage Court,Suite 51,California,95397,United States
464,464,32 Portage Pass,,California,94142,United States
465,465,2653 Dunning Point,,Colorado,80243,United States
466,466,46322 Pepper Wood Lane,,Georgia,31914,United States
467,467,434 Eastlawn Terrace,,Texas,75044,United States
468,468,84295 Buena Vista Street,3rd Floor,California,94660,United States
469,469,1793 Ryan Road,,Michigan,48912,United States
470,470,95129 Toban Court,,Utah,84130,United States
471,471,86 Armistice Drive,Apt 329,South Carolina,29905,United States
472,472,98 Lake View Drive,,Kentucky,40618,United States
473,473,5415 Columbus Road,,New York,11241,United States
474,474,16 Granby Junction,10th Floor,Illinois,60619,United States
475,475,8 Toban Street,17th Floor,California,90305,United States
476,476,2353 Thackeray Center,Room 1045,Florida,32204,United States
477,477,93754 Porter Avenue,,Tennessee,38308,United States
478,478,21852 Randy Drive,,California,95205,United States
479,479,29 Delaware Center,,Alabama,36610,United States
480,480,4 Pleasure Plaza,,California,94147,United States
481,481,75 Hintze Pass,,Indiana,47732,United States
482,482,9766 Starling Junction,,Pennsylvania,18763,United States
483,483,60 Northview Street,,Florida,33164,United States
484,484,07820 Cherokee Crossing,PO Box 32078,Arizona,85725,United States
485,485,8152 Cascade Road,,Florida,34949,United States
486,486,4082 Linden Street,3rd Floor,Minnesota,55188,United States
487,487,5 Iowa Avenue,,Illinois,60657,United States
488,488,5870 Bartillon Place,PO Box 35554,Maryland,21265,United States
489,489,937 Haas Road,PO Box 57937,California,92725,United States
490,490,911 Pennsylvania Alley,4th Floor,Kentucky,40298,United States
491,491,57101 Bluestem Junction,Apt 11,Florida,33615,United States
492,492,4 Warrior Pass,,Texas,76310,United States
493,493,516 Lien Park,,California,92013,United States
494,494,0616 Ryan Crossing,12th Floor,Minnesota,56398,United States
495,495,1 Green Hill,,Ohio,43220,United States
496,496,0181 Ruskin Court,,Pennsylvania,19109,United States
497,497,01777 Magdeline Point,,Texas,76544,United States
498,498,31445 Mallory Avenue,Suite 17,Virginia,23324,United States
499,499,828 Pepper Wood Circle,,New York,12247,United States
500,500,3702 Bellgrove Junction,,District of Columbia,20319,United States
501,501,63 Basil Drive,,Minnesota,55423,United States
502,502,284 Nova Crossing,,New York,10170,United States
503,503,809 Bowman Circle,,Nebraska,68124,United States
504,504,42 Kropf Center,,New York,11388,United States
505,505,5 Tomscot Place,,Minnesota,55108,United States
506,506,34 Petterle Pass,,Missouri,64109,United States
507,507,2367 Donald Place,Apt 892,Alabama,35215,United States
508,508,880 Messerschmidt Street,,West Virginia,25775,United States
509,509,6 Dapin Point,PO Box 78485,Texas,78265,United States
510,510,756 Swallow Trail,,Michigan,48098,United States
511,511,15352 Dottie Park,,New York,10045,United States
512,512,9 Acker Trail,PO Box 75130,Tennessee,38126,United States
513,513,4 Shopko Center,PO Box 68791,Idaho,83732,United States
514,514,89522 Morning Center,,Pennsylvania,19605,United States
515,515,62712 Maywood Trail,,Missouri,64199,United States
516,516,593 Graceland Parkway,Room 988,Florida,32505,United States
517,517,72 Hooker Avenue,,South Carolina,29203,United States
518,518,13 Bashford Lane,14th Floor,Alabama,35295,United States
519,519,74 Gale Court,,California,92013,United States
520,520,6 Farwell Alley,,California,92822,United States
521,521,8752 Sommers Center,,Tennessee,37919,United States
522,522,2 Southridge Lane,Room 253,Colorado,80127,United States
523,523,27 Straubel Road,Apt 1681,Michigan,48275,United States
524,524,9 Dunning Place,,New York,10039,United States
525,525,7164 Rusk Lane,,Missouri,63131,United States
526,526,74140 Reinke Drive,,Pennsylvania,19109,United States
527,527,4991 Utah Point,,North Carolina,28278,United States
528,528,0 Grim Drive,,Washington,98042,United States
529,529,2 Moland Junction,,Pennsylvania,19136,United States
530,530,2581 Mayer Drive,PO Box 29960,Kentucky,40280,United States
531,531,7964 Northridge Lane,,New York,13224,United States
532,532,5 Golf Junction,,Iowa,50310,United States
533,533,000 Rockefeller Pass,,Ohio,44118,United States
534,534,35 Roxbury Court,9th Floor,Texas,78710,United States
535,535,4030 Blue Bill Park Plaza,Apt 1089,Indiana,46247,United States
536,536,89 Dennis Lane,,Tennessee,37240,United States
537,537,22581 Macpherson Circle,,Oklahoma,74103,United States
538,538,83 Westport Pass,,Florida,33075,United States
539,539,8 Blaine Drive,,Oklahoma,74184,United States
540,540,97077 Anhalt Circle,,Georgia,31914,United States
541,541,891 Kropf Court,,California,92424,United States
542,542,2 Twin Pines Junction,Apt 1969,Virginia,23454,United States
543,543,51 Packers Trail,Suite 75,South Dakota,57193,United States
544,544,556 Knutson Place,,New York,10029,United States
545,545,57 Northridge Hill,Apt 1004,Colorado,80044,United States
546,546,48 Dawn Alley,,Illinois,60691,United States
547,547,8120 Messerschmidt Way,,Kansas,66667,United States
548,548,50 Veith Pass,10th Floor,Maryland,21203,United States
549,549,350 Stephen Pass,,California,92555,United States
550,550,446 Menomonie Drive,,Virginia,23225,United States
551,551,05626 Manufacturers Lane,Apt 1327,California,93778,United States
552,552,4091 Oriole Trail,Apt 182,Wisconsin,53790,United States
553,553,2 Mifflin Drive,,Pennsylvania,15279,United States
554,554,4760 Laurel Hill,Room 916,North Carolina,28263,United States
555,555,568 Lakewood Point,9th Floor,Virginia,22111,United States
556,556,52 Sage Place,,California,93591,United States
557,557,08238 Hovde Place,,Ohio,45454,United States
558,558,311 6th Lane,9th Floor,Vermont,5609,United States
559,559,522 Carey Way,,Texas,79945,United States
560,560,3 Artisan Junction,Apt 1973,Texas,77010,United States
561,561,9 Oxford Park,Apt 1809,Texas,77090,United States
562,562,0 Ridgeway Hill,,Massachusetts,1129,United States
563,563,12156 Darwin Street,,Florida,32123,United States
564,564,6 3rd Hill,,Mississippi,39210,United States
565,565,3 Hagan Parkway,Suite 53,Maryland,20910,United States
566,566,08 Mockingbird Terrace,,Florida,33694,United States
567,567,09 Marcy Drive,,District of Columbia,20067,United States
568,568,3175 Oneill Point,,Florida,34611,United States
569,569,53 High Crossing Alley,Room 1676,California,90805,United States
570,570,4293 Northfield Way,,Indiana,46231,United States
571,571,37 Shoshone Place,,District of Columbia,20299,United States
572,572,48755 Sycamore Plaza,,Arizona,85284,United States
573,573,499 Dixon Trail,,California,91913,United States
574,574,8 Glendale Crossing,,Arkansas,72199,United States
575,575,620 Goodland Street,PO Box 17124,Louisiana,70116,United States
576,576,07841 Towne Terrace,,Florida,32819,United States
577,577,321 Knutson Trail,,Arizona,85737,United States
578,578,88005 Darwin Hill,PO Box 25927,Indiana,46266,United States
579,579,8 Summit Street,,California,95354,United States
580,580,48607 Debra Center,,California,93750,United States
581,581,69154 Westerfield Court,Suite 28,New York,13205,United States
582,582,57 Tennessee Hill,,Connecticut,6520,United States
583,583,3 Southridge Crossing,,Ohio,43699,United States
584,584,62335 Badeau Place,,Florida,32092,United States
585,585,7 Mosinee Center,,Missouri,63110,United States
586,586,145 Hovde Plaza,,Arizona,85083,United States
587,587,2 Linden Place,,Utah,84199,United States
588,588,03941 Acker Junction,,Kansas,66286,United States
589,589,738 Fremont Point,Room 416,New Mexico,87110,United States
590,590,7975 Swallow Avenue,Apt 1079,Nevada,89519,United States
591,591,6 Meadow Valley Place,,Colorado,81015,United States
592,592,7024 Cardinal Terrace,,Florida,32885,United States
593,593,3366 Melody Trail,,California,95828,United States
594,594,54262 Knutson Lane,,Texas,78215,United States
595,595,13 Maywood Terrace,,Louisiana,70154,United States
596,596,62 Roxbury Parkway,,Texas,77255,United States
597,597,61 Troy Road,,Missouri,63131,United States
598,598,3812 Stuart Plaza,,Oklahoma,73135,United States
599,599,06954 Southridge Street,,Arizona,85725,United States
600,600,0970 Scoville Drive,PO Box 16582,Florida,34615,United States
601,601,24779 Oakridge Court,,North Carolina,27409,United States
602,602,435 Morrow Drive,,California,93750,United States
603,603,605 Hoard Trail,,Maryland,21275,United States
604,604,03 Chive Drive,,New York,14210,United States
605,605,54316 Bluejay Junction,Room 1268,Texas,75372,United States
606,606,5 Stoughton Hill,,Florida,32230,United States
607,607,2 Florence Park,,Florida,33605,United States
608,608,06725 Lyons Plaza,,District of Columbia,20370,United States
609,609,12 Green Ridge Plaza,,Maryland,21211,United States
610,610,606 Dorton Alley,PO Box 48839,Washington,99215,United States
611,611,9 Arapahoe Park,,Minnesota,55572,United States
612,612,9614 Crowley Hill,Room 356,New York,10464,United States
613,613,7515 Arapahoe Street,,California,94110,United States
614,614,09 Maple Place,,Florida,33462,United States
615,615,40 Arapahoe Crossing,PO Box 39401,New York,10165,United States
616,616,909 Lien Park,,District of Columbia,20099,United States
617,617,69612 East Street,Room 1066,Texas,79710,United States
618,618,804 Crescent Oaks Way,Apt 100,Alaska,99512,United States
619,619,3 Ridgeview Court,,Tennessee,37240,United States
620,620,6655 8th Center,,Oklahoma,73071,United States
621,621,47 American Ash Court,4th Floor,New York,11499,United States
622,622,5 Dottie Park,Room 1957,Ohio,45233,United States
623,623,837 Debra Street,PO Box 62453,California,95865,United States
624,624,74031 Sunnyside Center,,Indiana,47719,United States
625,625,7 Miller Road,Apt 1519,Washington,98442,United States
626,626,55 Sullivan Circle,,Georgia,30022,United States
627,627,62 Ronald Regan Pass,3rd Floor,California,94705,United States
628,628,130 Magdeline Pass,,California,92160,United States
629,629,877 Southridge Way,Room 426,New York,11210,United States
630,630,7688 Pine View Circle,Apt 1879,Texas,76305,United States
631,631,442 Talmadge Point,,Arizona,85720,United States
632,632,39 Spohn Drive,,Texas,79710,United States
633,633,16012 Glendale Terrace,9th Floor,California,90510,United States
634,634,33921 Onsgard Avenue,Suite 2,Maine,4109,United States
635,635,64469 Victoria Park,,California,94105,United States
636,636,9 Macpherson Parkway,,Texas,78296,United States
637,637,9 Barby Terrace,,Washington,98417,United States
638,638,7 Armistice Lane,,California,93094,United States
639,639,7543 Miller Street,Apt 1351,Virginia,23285,United States
640,640,20 Gerald Terrace,,Arizona,85062,United States
641,641,0859 Beilfuss Center,PO Box 36046,Illinois,60641,United States
642,642,2942 Dunning Point,,Kentucky,40576,United States
643,643,11732 Bluejay Park,,California,94286,United States
644,644,612 Lotheville Pass,,Florida,33710,United States
645,645,8506 Eagle Crest Way,,Oregon,97206,United States
646,646,4725 Warbler Circle,,Connecticut,6922,United States
647,647,5071 Sauthoff Road,,Illinois,60505,United States
648,648,226 Mockingbird Road,PO Box 83651,Pennsylvania,15215,United States
649,649,69990 Heath Junction,Room 257,Tennessee,37245,United States
650,650,896 Helena Park,,Virginia,24034,United States
651,651,86 Continental Lane,,California,94126,United States
652,652,870 Dakota Hill,,Texas,75353,United States
653,653,25836 Thackeray Park,,Michigan,48275,United States
654,654,8 Prairie Rose Circle,PO Box 5652,Indiana,46278,United States
655,655,35 Linden Center,,New York,10454,United States
656,656,8036 Hoard Crossing,,New York,10099,United States
657,657,81572 Iowa Road,,Georgia,30905,United States
658,658,422 Artisan Alley,,Nevada,89150,United States
659,659,24811 Canary Crossing,Apt 1966,Texas,75251,United States
660,660,1 Carey Junction,Suite 89,Texas,75226,United States
661,661,39 Atwood Park,Room 79,Alaska,99512,United States
662,662,0732 Fuller Parkway,,California,90081,United States
663,663,95 Corscot Crossing,,Florida,32309,United States
664,664,14 Village Green Point,Apt 321,California,94544,United States
665,665,1 Fisk Crossing,,Florida,32835,United States
666,666,041 Hansons Street,PO Box 69183,Nevada,89595,United States
667,667,01 Aberg Road,,Nevada,89550,United States
668,668,790 Debra Lane,,Virginia,22184,United States
669,669,83 Kingsford Street,Apt 492,North Carolina,28284,United States
670,670,8 Columbus Terrace,,Texas,77266,United States
671,671,42 Killdeer Lane,Suite 97,Iowa,50981,United States
672,672,00 Claremont Lane,,New York,10079,United States
673,673,111 Grim Point,,Washington,98442,United States
674,674,4325 Hallows Hill,PO Box 91007,Michigan,48505,United States
675,675,76450 Susan Terrace,,Florida,32803,United States
676,676,9922 Mcguire Parkway,,Washington,98907,United States
677,677,9594 Kipling Crossing,Room 554,Florida,34102,United States
678,678,412 Schmedeman Park,,District of Columbia,20029,United States
679,679,468 Bunker Hill Terrace,,Florida,33633,United States
680,680,63 Caliangt Alley,,Mississippi,39296,United States
681,681,7389 Delaware Drive,,California,95210,United States
682,682,0 International Road,Room 1052,Florida,33680,United States
683,683,09492 Mayfield Circle,,Texas,75310,United States
684,684,4032 Heffernan Place,,New York,11355,United States
685,685,1 Clemons Drive,,Arizona,85705,United States
686,686,05 Chinook Parkway,,California,94627,United States
687,687,29249 Browning Plaza,,Illinois,62705,United States
688,688,21966 Anhalt Lane,PO Box 66040,Colorado,80045,United States
689,689,81296 New Castle Drive,,California,94147,United States
690,690,9 Shelley Point,6th Floor,New Jersey,7544,United States
691,691,8137 Brickson Park Road,,Utah,84605,United States
692,692,14 Monterey Circle,Suite 58,Texas,76096,United States
693,693,8 New Castle Center,,Texas,77386,United States
694,694,41235 Southridge Street,Room 1646,Florida,33141,United States
695,695,7942 Grover Court,,Texas,78255,United States
696,696,52686 Elgar Park,,Florida,33064,United States
697,697,2 Talmadge Alley,,Indiana,47737,United States
698,698,069 Armistice Junction,,Hawaii,96805,United States
699,699,4505 Loftsgordon Place,,Illinois,60609,United States
700,700,65003 Laurel Crossing,Suite 100,Texas,78682,United States
701,701,1566 Hayes Junction,,Idaho,83732,United States
702,702,7954 Summerview Terrace,,Tennessee,37919,United States
703,703,147 Fremont Plaza,,New Jersey,8603,United States
704,704,70 Mayfield Center,,Illinois,60663,United States
705,705,887 Nancy Street,PO Box 27788,Ohio,43240,United States
706,706,7 Maywood Way,Apt 1985,Indiana,46862,United States
707,707,90 Sage Circle,,Colorado,80161,United States
708,708,105 Rusk Pass,,North Carolina,27610,United States
709,709,2647 Merrick Court,Apt 1862,Florida,34102,United States
710,710,5923 Colorado Junction,,Florida,32236,United States
711,711,57 Killdeer Hill,,California,94245,United States
712,712,66346 Debs Trail,2nd Floor,Georgia,30905,United States
713,713,20 Park Meadow Crossing,,Georgia,30092,United States
714,714,36 Bartillon Circle,,Oregon,97216,United States
715,715,8536 Independence Terrace,Room 820,District of Columbia,20456,United States
716,716,56 Esch Center,,California,94263,United States
717,717,07839 Laurel Place,,Ohio,43240,United States
718,718,06678 Eastwood Court,Apt 1991,Tennessee,37405,United States
719,719,03436 Kedzie Center,,Washington,99215,United States
720,720,5106 Cascade Way,Room 1558,Florida,34642,United States
721,721,895 Independence Street,,California,94286,United States
722,722,3045 Hanover Road,,Florida,32405,United States
723,723,61498 Welch Point,Suite 22,Connecticut,6127,United States
724,724,750 Forest Dale Parkway,,New York,11407,United States
725,725,5006 Ridge Oak Plaza,,New York,11236,United States
726,726,0140 Walton Parkway,,Maryland,20784,United States
727,727,9 Bluestem Park,,Florida,33233,United States
728,728,2672 Pawling Pass,,Ohio,43215,United States
729,729,08583 Eagan Pass,Room 571,Kentucky,40205,United States
730,730,662 Havey Terrace,,Nevada,89436,United States
731,731,326 Hanover Drive,,California,90094,United States
732,732,29246 Vera Crossing,,Montana,59806,United States
733,733,28 Knutson Avenue,,Pennsylvania,17126,United States
734,734,30 Waywood Alley,,Texas,78715,United States
735,735,142 Lunder Alley,,Colorado,80945,United States
736,736,9806 Golden Leaf Terrace,,Iowa,52809,United States
737,737,926 Homewood Circle,Room 1650,Ohio,43268,United States
738,738,2848 Cherokee Drive,,Indiana,46406,United States
739,739,81266 Norway Maple Trail,,New York,11225,United States
740,740,8 Dottie Point,Apt 1131,Hawaii,96825,United States
741,741,80 Memorial Pass,,Nevada,89436,United States
742,742,704 Texas Street,Apt 1598,Florida,33680,United States
743,743,9443 Troy Crossing,,New Hampshire,3804,United States
744,744,5862 Little Fleur Center,7th Floor,Florida,33954,United States
745,745,9729 Donald Trail,PO Box 74555,District of Columbia,20580,United States
746,746,55 Stephen Crossing,,Ohio,44705,United States
747,747,0 Weeping Birch Center,11th Floor,Nevada,89505,United States
748,748,04436 Boyd Terrace,,Maryland,21229,United States
749,749,95490 Calypso Drive,Suite 32,Pennsylvania,18018,United States
750,750,54 Elgar Road,,Texas,75221,United States
751,751,8 Burning Wood Avenue,Room 1862,Pennsylvania,17121,United States
752,752,55992 Scofield Junction,,Arizona,85311,United States
753,753,81058 Independence Drive,,Alaska,99812,United States
754,754,13157 Troy Junction,,Virginia,22111,United States
755,755,4526 Manitowish Hill,,Alaska,99790,United States
756,756,14 Fordem Lane,,Virginia,22903,United States
757,757,280 Knutson Hill,,California,91117,United States
758,758,72141 Myrtle Parkway,,Georgia,31119,United States
759,759,2629 Golf View Circle,PO Box 64045,Florida,34949,United States
760,760,4 Marquette Way,,Utah,84140,United States
761,761,279 New Castle Road,,Florida,33436,United States
762,762,25099 Nobel Court,,Michigan,48275,United States
763,763,364 Hagan Pass,,Texas,77095,United States
764,764,20 Morningstar Avenue,,Pennsylvania,15215,United States
765,765,66627 Eastwood Alley,,Indiana,47719,United States
766,766,1388 Summit Way,,California,93106,United States
767,767,69575 Hoffman Trail,,Missouri,64101,United States
768,768,7 Ridgeview Pass,Room 964,Georgia,31119,United States
769,769,31482 Stone Corner Court,,New York,14220,United States
770,770,5102 Nova Crossing,,District of Columbia,20078,United States
771,771,6163 Oakridge Drive,15th Floor,Iowa,50393,United States
772,772,30 Memorial Point,,California,90060,United States
773,773,4194 Novick Hill,PO Box 81658,Florida,32969,United States
774,774,5 Corscot Terrace,Room 1904,Florida,34474,United States
775,775,1 Goodland Trail,,Indiana,47732,United States
776,776,69689 Veith Place,,Colorado,80279,United States
777,777,1093 High Crossing Parkway,,Georgia,31904,United States
778,778,873 Sherman Park,,Texas,88525,United States
779,779,55152 Marquette Park,,Virginia,20195,United States
780,780,03 Delladonna Park,,Colorado,80299,United States
781,781,2 Fremont Avenue,,New York,11854,United States
782,782,015 Welch Road,,California,90094,United States
783,783,02 Holy Cross Drive,,Minnesota,55123,United States
784,784,23 Glendale Point,Room 674,Louisiana,70124,United States
785,785,85471 Scoville Parkway,,North Dakota,58106,United States
786,786,51 Melody Pass,,Oklahoma,73119,United States
787,787,5 Browning Trail,,Minnesota,55590,United States
788,788,77 Holy Cross Way,Apt 490,Georgia,31217,United States
789,789,10 Warner Avenue,6th Floor,California,94286,United States
790,790,73 Old Shore Plaza,PO Box 2706,New York,11220,United States
791,791,2901 Spenser Lane,,Texas,79188,United States
792,792,545 International Way,,District of Columbia,20005,United States
793,793,14708 Almo Terrace,,Ohio,44105,United States
794,794,101 Lake View Plaza,,Tennessee,38143,United States
795,795,450 Shopko Trail,,Tennessee,37416,United States
796,796,27385 West Terrace,,Pennsylvania,19125,United States
797,797,23809 Commercial Alley,,New York,10125,United States
798,798,0068 Meadow Valley Parkway,,Florida,32412,United States
799,799,63457 Del Sol Lane,,Oklahoma,73190,United States
800,800,4 1st Street,,Colorado,80291,United States
801,801,41 Parkside Street,,Oregon,97232,United States
802,802,1 Truax Road,,Connecticut,6825,United States
803,803,74 Arapahoe Terrace,,Illinois,61629,United States
804,804,45 Delladonna Way,,New York,10034,United States
805,805,65 Walton Pass,,Texas,78250,United States
806,806,440 Marquette Park,,Michigan,48670,United States
807,807,9 Iowa Hill,,Minnesota,55551,United States
808,808,74 Hansons Crossing,PO Box 58046,California,92415,United States
809,809,56272 Pennsylvania Drive,1st Floor,New York,12325,United States
810,810,72 Commercial Point,,California,92415,United States
811,811,0 Sugar Junction,,Washington,98447,United States
812,812,3151 Swallow Circle,,District of Columbia,20205,United States
813,813,9 Hoffman Crossing,,Michigan,48258,United States
814,814,5 Schlimgen Junction,,California,90060,United States
815,815,87042 Dwight Drive,Suite 64,Virginia,22225,United States
816,816,45400 Claremont Avenue,Room 302,Nevada,89115,United States
817,817,51119 Farmco Trail,,Louisiana,70593,United States
818,818,53691 Ridge Oak Alley,,Florida,34643,United States
819,819,0506 Glacier Hill Street,,Florida,33462,United States
820,820,764 Crowley Drive,,Indiana,46226,United States
821,821,28 Independence Lane,4th Floor,Oklahoma,73114,United States
822,822,9438 Bunting Crossing,,Missouri,63158,United States
823,823,068 Bunker Hill Place,Apt 1473,Virginia,20189,United States
824,824,95237 Fieldstone Pass,,Arizona,85725,United States
825,825,388 Larry Avenue,,District of Columbia,20231,United States
826,826,597 Meadow Vale Place,,Georgia,30905,United States
827,827,08 Crescent Oaks Crossing,,Nevada,89595,United States
828,828,32 David Junction,,South Carolina,29220,United States
829,829,8 New Castle Hill,7th Floor,New York,10125,United States
830,830,4895 Brentwood Point,Room 911,California,94605,United States
831,831,64890 Meadow Ridge Road,10th Floor,California,95813,United States
832,832,1097 Esker Street,,Massachusetts,2124,United States
833,833,4 Crescent Oaks Court,,Texas,78278,United States
834,834,9862 Melody Junction,,Oregon,97201,United States
835,835,2242 Truax Trail,Suite 78,North Carolina,27635,United States
836,836,7 Fordem Street,Room 1897,Michigan,49560,United States
837,837,88975 Old Gate Trail,,Michigan,49560,United States
838,838,0134 Fair Oaks Terrace,,Colorado,80920,United States
839,839,71497 Twin Pines Pass,,Florida,32118,United States
840,840,07518 Dunning Point,PO Box 73692,Iowa,50310,United States
841,841,33058 Birchwood Center,PO Box 54081,California,93407,United States
842,842,31923 Doe Crossing Center,,New York,11236,United States
843,843,1841 Stephen Court,19th Floor,Maryland,20910,United States
844,844,008 Eagan Avenue,,Florida,33673,United States
845,845,3 Rieder Place,,Florida,33185,United States
846,846,89 Lake View Trail,,Florida,33310,United States
847,847,64725 Goodland Pass,,Virginia,23509,United States
848,848,08230 Morningstar Court,,North Carolina,27404,United States
849,849,8201 Sachtjen Hill,,Kentucky,40515,United States
850,850,751 Sutteridge Street,,Missouri,64187,United States
851,851,78155 Daystar Place,Apt 74,Arizona,85045,United States
852,852,05434 Coleman Junction,Apt 1232,Oregon,97286,United States
853,853,89 Starling Crossing,,Florida,33405,United States
854,854,95 Farragut Plaza,PO Box 65077,Georgia,31190,United States
855,855,4662 Harbort Lane,Room 619,Florida,33023,United States
856,856,54 Bultman Street,,Utah,84135,United States
857,857,50 Carberry Parkway,Suite 52,Arizona,85748,United States
858,858,3 Arkansas Trail,,Alaska,99599,United States
859,859,7710 Ronald Regan Way,,Oregon,97206,United States
860,860,39 Waubesa Circle,,Tennessee,37665,United States
861,861,82807 Mockingbird Road,,Louisiana,70116,United States
862,862,809 Forster Road,,South Carolina,29215,United States
863,863,51 Mosinee Pass,,Oklahoma,74141,United States
864,864,72498 Westport Hill,,Colorado,80217,United States
865,865,511 Pennsylvania Center,Apt 497,District of Columbia,20425,United States
866,866,8845 Northview Place,,Missouri,65211,United States
867,867,6872 Meadow Vale Lane,Apt 1548,Connecticut,6673,United States
868,868,370 Loeprich Drive,,Texas,77005,United States
869,869,23329 Nelson Way,,Virginia,22096,United States
870,870,4 Ronald Regan Junction,PO Box 52133,New York,10557,United States
871,871,28867 Westerfield Street,,Nebraska,68164,United States
872,872,87 Carey Way,Room 682,California,90610,United States
873,873,22177 Merrick Parkway,,California,95298,United States
874,874,6343 Summit Alley,,District of Columbia,20580,United States
875,875,08 Oneill Parkway,Suite 27,Maryland,20709,United States
876,876,75914 Transport Alley,,Tennessee,37245,United States
877,877,88 Surrey Circle,Apt 562,New York,10125,United States
878,878,0 Kim Avenue,,District of Columbia,20005,United States
879,879,40450 Brickson Park Alley,3rd Floor,Texas,77240,United States
880,880,12730 Eagan Place,PO Box 51680,Massachusetts,1605,United States
881,881,55 Commercial Road,Apt 1837,California,92196,United States
882,882,7091 Calypso Alley,,Texas,76310,United States
883,883,59722 Bartillon Place,,California,94544,United States
884,884,1851 Dexter Center,,New Hampshire,3105,United States
885,885,39 Goodland Road,Suite 60,Ohio,43635,United States
886,886,7 Hoard Pass,,North Carolina,27105,United States
887,887,60 Tomscot Lane,,Georgia,31998,United States
888,888,51626 Merrick Lane,2nd Floor,Washington,98140,United States
889,889,1 Ramsey Court,Suite 60,Ohio,44191,United States
890,890,9 Crowley Trail,,Virginia,23293,United States
891,891,8564 Thompson Pass,Suite 67,Ohio,44705,United States
892,892,7 Mallard Trail,,Illinois,60697,United States
893,893,5372 Almo Circle,Apt 603,Nebraska,68144,United States
894,894,0 Forest Run Hill,,Texas,78726,United States
895,895,290 International Alley,,New York,11225,United States
896,896,633 Sachs Alley,,Colorado,80638,United States
897,897,9491 Dwight Alley,PO Box 33387,California,92121,United States
898,898,69 Glacier Hill Plaza,Apt 1091,Tennessee,37410,United States
899,899,3521 Manley Street,,Texas,75221,United States
900,900,2 Sutherland Lane,,Washington,98664,United States
901,901,7 Fairview Way,,California,92822,United States
902,902,390 Truax Street,,Oklahoma,74108,United States
903,903,16 Oak Lane,,Utah,84105,United States
904,904,23242 Mitchell Pass,,Ohio,43699,United States
905,905,8117 2nd Circle,,New York,10110,United States
906,906,41855 Badeau Junction,,Wisconsin,53215,United States
907,907,97294 Summit Park,,Florida,33777,United States
908,908,9611 Annamark Street,,Arizona,85715,United States
909,909,65554 Village Green Crossing,,Texas,79989,United States
910,910,95504 Cody Place,Apt 1330,New York,10184,United States
911,911,75 Meadow Ridge Junction,,Kentucky,40515,United States
912,912,8486 Comanche Road,,California,94237,United States
913,913,12388 Rigney Park,,Texas,88546,United States
914,914,53 Jackson Park,,California,93111,United States
915,915,8299 Lakewood Gardens Way,,New York,14639,United States
916,916,7 Briar Crest Parkway,,Texas,78410,United States
917,917,11206 Sunbrook Drive,,New York,12210,United States
918,918,3 Debs Place,,North Carolina,28278,United States
919,919,403 Bellgrove Court,Suite 95,Texas,78703,United States
920,920,24040 Northview Center,,Connecticut,6160,United States
921,921,84608 Hovde Lane,,Georgia,30096,United States
922,922,74 Homewood Way,,Texas,79159,United States
923,923,91943 Myrtle Court,,California,94154,United States
924,924,072 Florence Lane,,District of Columbia,20599,United States
925,925,57 Thierer Place,,North Carolina,27157,United States
926,926,406 Melvin Junction,,Ohio,44710,United States
927,927,260 Kenwood Avenue,,California,95160,United States
928,928,5726 Carpenter Hill,,Tennessee,37205,United States
929,929,3 Waxwing Parkway,,California,92127,United States
930,930,7 American Center,,Illinois,61709,United States
931,931,6 Becker Terrace,10th Floor,Washington,98447,United States
932,932,67 Homewood Drive,,Massachusetts,2453,United States
933,933,22 Kensington Park,,New York,13205,United States
934,934,5 Elgar Junction,,Oregon,97405,United States
935,935,1851 Pierstorff Avenue,,Virginia,23504,United States
936,936,0 Corry Alley,,California,95108,United States
937,937,785 Vernon Avenue,,Michigan,48550,United States
938,938,6488 Clemons Avenue,,North Dakota,58106,United States
939,939,51 Butterfield Junction,6th Floor,Kentucky,40505,United States
940,940,888 Jenifer Terrace,,Nebraska,68110,United States
941,941,857 Sachtjen Street,,North Carolina,28272,United States
942,942,677 Cottonwood Park,,California,94257,United States
943,943,64 Hooker Way,PO Box 83746,Ohio,45490,United States
944,944,84 Muir Terrace,,California,92555,United States
945,945,5780 Nobel Trail,,Florida,34985,United States
946,946,7472 Bartelt Hill,,Virginia,23293,United States
947,947,1329 Ilene Alley,,California,90510,United States
948,948,05 Tomscot Road,,Missouri,63126,United States
949,949,86576 Stephen Alley,PO Box 74799,Virginia,23289,United States
950,950,9988 Stephen Way,,Kentucky,40618,United States
951,951,332 Basil Place,,Massachusetts,2124,United States
952,952,690 Novick Center,Apt 1641,Louisiana,70142,United States
953,953,60203 Haas Trail,,Oklahoma,73129,United States
954,954,4200 Claremont Parkway,,New York,11480,United States
955,955,27392 Sherman Circle,,District of Columbia,20268,United States
956,956,234 Sycamore Alley,,Florida,33111,United States
957,957,51119 Springs Way,Room 1581,Iowa,50310,United States
958,958,21294 Rigney Terrace,16th Floor,New York,10260,United States
959,959,47 Hansons Terrace,,Florida,32919,United States
960,960,544 Sachs Place,,Kentucky,40256,United States
961,961,9181 Sycamore Park,,North Carolina,28205,United States
962,962,6 Fremont Terrace,,Florida,33680,United States
963,963,2830 Green Park,,Georgia,30392,United States
964,964,25061 Saint Paul Alley,,Texas,75367,United States
965,965,98846 Texas Parkway,,Ohio,45233,United States
966,966,66 Harper Terrace,PO Box 35198,Maryland,20910,United States
967,967,930 Burning Wood Park,,Pennsylvania,17622,United States
968,968,8 Gina Street,,Florida,32868,United States
969,969,43184 Vidon Hill,Apt 1504,Michigan,48076,United States
970,970,267 Hooker Terrace,,New York,10170,United States
971,971,9 Scofield Park,Room 1257,California,95173,United States
972,972,5697 Transport Circle,,Colorado,81005,United States
973,973,9738 Farmco Way,,California,90398,United States
974,974,50 Esker Trail,,New York,14210,United States
975,975,1573 Mcbride Trail,Suite 84,Florida,32220,United States
976,976,0516 Leroy Road,,Kansas,66617,United States
977,977,568 Anniversary Trail,,Alabama,35295,United States
978,978,9470 Chinook Circle,,Ohio,45419,United States
979,979,17679 Prairieview Center,,Arizona,85072,United States
980,980,66941 Evergreen Parkway,,Arizona,85715,United States
981,981,5 Manufacturers Place,,Texas,77250,United States
982,982,726 Judy Junction,,Nevada,89140,United States
983,983,08 Orin Circle,PO Box 86648,Georgia,30022,United States
984,984,88277 Bartillon Point,,Texas,75605,United States
985,985,0 Sachs Drive,,Arizona,85748,United States
986,986,112 Shasta Lane,,West Virginia,25326,United States
987,987,22 Marquette Street,,Massachusetts,1654,United States
988,988,2071 Northland Circle,,Oregon,97075,United States
989,989,0836 Lakeland Circle,Room 1510,Colorado,80920,United States
990,990,2 Service Lane,,District of Columbia,20575,United States
991,991,8 Michigan Drive,,Washington,98417,United States
992,992,13770 Gulseth Place,,Alabama,35815,United States
993,993,42 Linden Junction,,Alabama,35220,United States
994,994,1 6th Center,,Nebraska,68510,United States
995,995,5 Knutson Trail,,California,93794,United States
996,996,50752 Brown Park,Suite 93,Connecticut,6726,United States
997,997,29 Northfield Street,,Texas,76198,United States
998,998,345 Pearson Avenue,,Hawaii,96825,United States
999,999,22835 Mitchell Way,PO Box 42569,Michigan,48930,United States
1000,1000,3356 Welch Court,,Texas,77080,United States
